site_name,official_website,directory_url,contact_info,service_types,addresses,times,summary,city,state,pet_policy
ACCESS. Inc.,https://www.access-shelter.org/,https://www.homelessshelterdirectory.org/shelter/oh_access-shelter-housing,"[{'phone': '330-376-0997', 'email': 'LMarrone@access-shelter.org', 'twitter': 'https://twitter.com/accessshelter', 'facebook': 'https://www.facebook.com/accessshelter.inc', 'instagram': 'https://www.instagram.com/access_shelter/'}]",['shelter'],['230 W. Market Street Akron. OH - 44303'],"['* **ACCESS, Inc. Business Hours:**', '    - Days: Monday - Friday', '    - Time: 9:00 AM - 5:00 PM', '* **ACCESS, Inc. Shelter Hours:**', '    - Days: 24 hours a day, 7 days a week']","ACCESS, Inc. provides emergency shelter for women and their children who are homeless, not physically battered, alcohol and drug-free, reality-oriented, and 18 or older.  They also offer a Step II transitional housing program for single, homeless women (18+) without children, lasting up to 24 months, with on-site and community-based support services including case management and job placement.  Both programs are free of charge, and entry into Step II occurs through referral from the emergency shelter.
",Oh Akron,OH,
Haven of Rest Ministries,https://www.twitter.com/havenofrestoh,https://www.homelessshelterdirectory.org/shelter/oh_haven-of-rest-ministries,"[{'phone': '(330) 535-1563', 'email': None, 'twitter': 'https://www.twitter.com/havenofrestoh', 'facebook': 'https://www.facebook.com/havenofrest.org/', 'instagram': None}]","['shelter', 'food']",['175 East Market Street Akron. OH - 44309'],"['The provided text does not contain specific times for any services offered by Haven of Rest Ministries or any other location.  While it mentions a food pantry and soup kitchen, no operating hours are listed.  The text strongly suggests calling to confirm hours of operation.']","Haven of Rest Ministries in Akron, OH, operates as a food pantry and an emergency shelter for men.  The provided text does not specify eligibility requirements for the food pantry or the men's shelter.  It notes that it is advisable to call the food pantry to confirm operating hours and availability.
",Oh Akron,OH,
Harvest Home Shelter For Women and Children,https://www.havenofrest.org/,https://www.homelessshelterdirectory.org/shelter/oh_harvest-home-shelter-for-women-and-children,"[{'phone': '(330) 434-1149', 'email': 'djohn@havenofrest.org', 'twitter': 'https://twitter.com/havenofrestoh', 'facebook': 'https://www.facebook.com/havenofrest.org', 'instagram': 'https://www.instagram.com/havenofrest.akron/'}]","['clothing', 'mental health', 'shelter', 'food']",['24 North Prospect Street Akron. OH - 44304'],"['Harvest Home Shelter For Women and Children:', '* **Client Services Center:**', '    - Days:  Monday - Sunday (implied)', '    - Time: 7:00 AM - 6:00 PM', ""* **Women's Shelter and Meal Check-in:**"", '    - **Lunch:**', '        - Days: Sunday', '        - Time: 1:15 PM - 1:45 PM', '    - **Dinner & Shelter:**', '        - Days: Monday - Saturday (implied)', '        - Time: 6:00 PM - 6:45 PM', ""* **Harvest Home Women and Children's Shelter:**"", '    - Days: Monday - Sunday (implied)', '    - Time: 7:30 PM - 7:00 AM']","Harvest Home Shelter is a homeless shelter for women and children in Akron, Ohio, providing shelter, crisis intervention, and supportive services.  They offer three meals daily, clothing, toiletries, shower and laundry services, and physical and spiritual counseling.  Eligibility requires being a woman 18 or older or a woman with children;  no males over 12 are allowed.
",Oh Akron,OH,
Family Promise of Summit County,https://www.familypromisesc.org/,https://www.homelessshelterdirectory.org/shelter/oh_family-promise-of-summit-county,"[{'phone': '(330) 253-8081', 'email': 'info@familypromisesc.org', 'twitter': 'https://twitter.com/familypromisesc', 'facebook': 'https://www.facebook.com/familypromiseofsummitcounty', 'instagram': 'https://www.instagram.com/fpsummitcounty/'}]",['shelter'],['P.O Box 10076 Akron. OH - 44310'],"['The provided text does not contain specific times for any services offered by Family Promise of Summit County or other listed shelters.  While it mentions services like emergency shelter and a food pantry (implied by the mention of ""Food Banks"" in the resources section), no scheduling information is given.']","Family Promise of Summit County is an emergency shelter for homeless families, offering free basic living accommodations, including a kitchen, laundry facilities, and computers for job searching.  The shelter is pet-friendly, accommodating up to four dogs and four cats.  While families stay at the shelter during the day, they are transported to various churches overnight, with pets housed in on-site kennels.
",Oh Akron,OH,['pet friendly']
Salvation Army Summit County Area Services,https://easternusa.salvationarmy.org/northeast-ohio/summit-county/,https://www.homelessshelterdirectory.org/shelter/oh_booth-manor-homeless-shelter,"[{'phone': '(330) 762-8481', 'email': 'kihyun.oh@usw.salvationarmy.org', 'twitter': 'http://www.twitter.com/salvationarmyus', 'facebook': 'https://www.facebook.com/akronsalvationarmy/', 'instagram': 'http://www.instagram.com/salvationarmyus'}]",['shelter'],['190 South Maple Street Akron. OH - 44302'],"['The provided text does not contain specific times for services like the soup kitchen or food pantry.  It mentions a four to six week stay at Booth Manor, and that Life Skill classes are attended twice a month, but these are not tied to specific days or times.']","The Salvation Army Summit County Area Services (Booth Manor) provides housing, supplies, and intensive case management for up to four families (single or married parents with minor children) experiencing homelessness due to job loss, housing loss, or eviction.  Families receive these services for four to six weeks and are required to participate in daily caseworker meetings and bi-monthly life skills classes.  Additional services may include access to a preschool program (Learning Zone) and tutoring (Project RISE) for children.
",Oh Akron,OH,
Haven of Rest Ministries Emergency Shelter For Men,https://havenofrest.org/,https://www.homelessshelterdirectory.org/shelter/oh_haven-of-rest-ministries-emergency-shelter-for-men,"[{'phone': '(330) 535-1563', 'email': 'djohn@havenofrest.org', 'twitter': 'https://twitter.com/havenofrestoh', 'facebook': 'https://www.facebook.com/havenofrest.org', 'instagram': 'https://www.instagram.com/havenofrest.akron/'}]",,['175 East Market St Akron. OH - 44308'],['Error extracting schedule information.'],"Haven of Rest Ministries Emergency Shelter for Men in Akron, Ohio, is open 24/7 and provides three meals daily, clothing, toiletries, shower and laundry services, and physical and spiritual counseling.  They also offer job and life skills counseling.  Eligibility is limited to single men aged 18 and older, with allowances made for those with verifiable employment or special circumstances; chapel services are required.
",Oh Akron,OH,
The Homeless Charity  Village Food Pantry,http://thehomelesscharity.org/,https://www.homelessshelterdirectory.org/shelter/oh_the-homeless-charity,"[{'phone': '(234) 417-0711', 'email': 'sage@thehomelesscharity.org', 'twitter': 'https://twitter.com/tavarezelisha', 'facebook': 'https://www.facebook.com/thehomelesscharity/', 'instagram': 'https://www.instagram.com/peace_4need'}]",,['47 N Arlington Street Akron. OH - 44305'],['Error extracting schedule information.'],,Oh Akron,OH,
